,a.a.seq,cont_all_dif
27,F,0.539999999999999
28,M,2.4
30,S,10.1
31,S,8.1
32,Y,2.6
35,N,-2.3
52,K,3.4
56,D,-1.5
57,G,1.3
59,T,12.5
60,T,3.1
99,T,-0.2
103,F,4.3
104,L,7.2
105,R,3.90000000000001
106,A,1.5
123,W,-0.5
