preh146,a.a.seq,cont_all_dif
27,F,0.34
28,T,1.73
30,S,7.8
31,S,10.4
32,Y,4.59999999999999
35,S,-3.8
52,S,2.8
54,D,-1.9
55,G,0.599999999999998
57,N,11.7
58,K,1.5
97,A,-0.3
101,S,3.7
102,F,2.5
103,V,3
104,V,2.1
122,W,-0.3
