,a.a.seq,cont_all_dif
27,F,1
28,T,2.34
30,S,8.6
31,N,7.7
32,A,3.8
35,S,-1.6
52,K,2.99999999999999
56,D,-0.800000000000004
57,G,0.300000000000001
59,T,10.2
60,T,1.9
99,T,-0.2
103,V,3.09999999999999
104,V,1
105,V,2.09999999999999
106,P,2.6
122,W,-0.2
