,a.a.seq,cont_all_dif
27,F,0.470000000000001
28,T,1.66
30,S,7.8
31,S,13
32,Y,4.2
35,H,-7.5
52,S,3.7
54,D,-0.199999999999996
55,G,3.2
57,N,8.2
58,K,2.1
101,L,3.60000000000001
102,D,4.90000000000001
103,V,5.2
104,V,2.40000000000001
122,W,-0.3
