,a.a.seq,cont_all_dif
27,F,0.530000000000001
28,T,1.2
30,S,9.5
31,N,16.4
32,A,4.6
35,S,-4.2
52,S,6.09999999999999
54,D,0.399999999999999
55,G,2.6
57,N,11.2
58,K,2.7
101,F,3.3
102,V,8.09999999999999
103,A,5
104,V,1.60000000000001
121,W,-0.7
