preh118,a.a.seq,cont_all_dif
1,Q,0
2,V,0
3,Q,0
4,L,0
5,V,0
6,E,0
7,S,0
8,G,0
9,G,0
10,G,0
11,V,0
12,V,0
13,Q,0
14,P,0
15,G,0
16,R,0
17,S,0
18,L,0
19,R,0
20,L,0
21,S,0
22,C,0
23,A,0
24,A,0
25,S,0
26,G,0
27,F,0.540000000000003
28,T,1.13
29,F,0
30,S,9.4
31,T,10.4
32,Y,1.3
33,P,0
34,M,0
35,H,-3.3
36,W,0
37,V,0
38,R,0
39,Q,0
40,A,0
41,P,0
42,G,0
43,K,0
44,G,0
45,L,0
46,E,0
47,W,0
48,V,0
49,A,0
50,F,0
51,L,0
52,W,1.90000000000001
53,H,0
54,D,0.100000000000001
55,G,4.5
56,T,0
57,E,9.8
58,E,2.4
59,F,0
60,Y,0
61,A,0
62,D,0
63,S,0
64,V,0
65,R,0
66,G,0
67,R,0
68,F,0
69,T,0
70,I,0
71,S,0
72,R,0
73,D,0
74,N,0
75,S,0
76,K,0
77,N,0
78,T,0
79,L,0
80,Y,0
81,L,0
82,Q,0
83,M,0
84,D,0
85,G,0
86,L,0
87,R,0
88,A,0
89,D,0
90,D,0
91,T,0
92,A,0
93,L,0
94,Y,0
95,Y,0
96,C,0
97,A,-0.1
98,R,0
99,D,0
100,T,0
101,G,1.8
102,V,3.59999999999999
103,G,5.80000000000001
104,G,1.59999999999999
105,L,0
106,V,0
107,V,0
108,P,0
109,A,0
110,A,0
111,T,0
112,G,0
113,D,0
114,L,0
115,A,0
116,G,0
117,Y,0
118,Y,0
119,Y,0
120,G,0
121,M,0
122,D,0
123,V,0
124,W,-0.4
125,G,0
126,Q,0
127,G,0
128,T,0
129,T,0
130,V,0
131,T,0
132,V,0
133,S,0
134,S,0
