,a.a.seq,cont_all_dif
27,F,0.540000000000003
28,T,1.13
30,S,9.4
31,T,10.4
32,Y,1.3
35,H,-3.3
52,W,1.90000000000001
54,D,0.100000000000001
55,G,4.5
57,E,9.8
58,E,2.4
97,A,-0.1
101,G,1.8
102,V,3.59999999999999
103,G,5.80000000000001
104,G,1.59999999999999
124,W,-0.4
