preh149MU7,a.a.seq,cont_all_dif
27,F,0.600000000000001
28,T,1.94
30,S,8.9
31,N,8.1
32,A,3.8
35,S,-1.3
52,K,3.59999999999999
56,D,0.200000000000003
57,G,1.3
59,T,9.7
60,T,1.8
99,T,-0.1
103,W,3.10000000000001
104,G,2.8
105,I,2.8
106,V,2
122,W,-0.2
