,a.a.seq,cont_all_dif
27,F,0.729999999999997
28,T,1.93
30,S,8
31,N,5.59999999999999
32,A,3.09999999999999
35,S,-2.7
52,K,1.8
57,G,0.5
59,T,11.1
60,T,2.2
99,T,-0.1
103,D,1.6
104,I,4.2
105,V,1
106,V,2.2
122,W,-0.600000000000001
