preh118,a.a.seq,N120-IMML103
1,Q,0
2,V,0
3,Q,0
4,L,0
5,V,0
6,E,0
7,S,0
8,G,0
9,G,0
10,G,0
11,V,0
12,V,0
13,Q,0
14,P,0
15,G,0
16,R,0
17,S,0
18,L,0
19,R,0
20,L,0
21,S,0
22,C,0
23,A,0
24,A,0
25,S,0
26,G,0
27,F,-0.470000000000002
28,T,4.53
29,F,0
30,S,7.6
31,T,2.2
32,Y,1.4
33,P,-2.19999999999999
34,M,0
35,H,-1.6
36,W,0
37,V,0
38,R,0
39,Q,0
40,A,0
41,P,0
42,G,0
43,K,0
44,G,0
45,L,0
46,E,0
47,W,0.5
48,V,0
49,A,0
50,F,3.3
51,L,3.4
52,W,-2.90000000000001
53,H,-13
54,D,-5.9
55,G,7.7
56,T,-8.8
57,E,-8.89999999999999
58,E,2.7
59,F,-4.2
60,Y,0
61,A,0
62,D,0
63,S,0
64,V,0
65,R,0
66,G,0
67,R,0
68,F,0
69,T,0
70,I,0
71,S,0
72,R,0
73,D,0
74,N,0
75,S,0
76,K,0
77,N,0
78,T,0
79,L,0
80,Y,0
81,L,0
82,Q,0
83,M,0
84,D,0
85,G,0
86,L,0
87,R,0
88,A,0
89,D,0
90,D,0
91,T,0
92,A,0
93,L,0
94,Y,0
95,Y,0
96,C,0
97,A,-0.1
98,R,-1.2
99,D,4.4
100,T,-5.1
101,G,-1.90000000000001
102,V,2.5
103,G,-3.30000000000001
104,G,7.5
105,L,0
106,V,0
107,V,0
108,P,0
109,A,0
110,A,0
111,T,0
112,G,0
113,D,0
114,L,0
115,A,0
116,G,0
117,Y,0.400000000000006
118,Y,8.7
119,Y,-0.5
120,G,-1
121,M,-1.7
122,D,15.5
123,V,0
124,W,-0.2
125,G,0
126,Q,0
127,G,0
128,T,0
129,T,0
130,V,0
131,T,0
132,V,0
133,S,0
134,S,0
