,a.a.seq,cont_all_dif
27,F,0.739999999999998
28,T,1.8
30,S,8.1
31,N,6.2
32,A,3.4
35,S,-2.3
52,K,3.4
56,D,0.5
57,G,1.7
59,T,12.3
60,T,2.2
99,T,-0.1
103,D,1.4
104,I,4
105,V,2.60000000000001
106,V,2.3
122,W,-0.2
