,a.a.seq,cont_all_dif
27,F,0.540000000000001
28,T,1.07
30,S,7.8
31,N,11.6
32,A,4
35,S,-3.8
52,S,3.7
54,D,-1.5
55,G,0.5
57,N,12.2
58,K,2.1
97,A,-0.1
101,F,3.1
102,V,4.89999999999999
103,A,1.09999999999999
104,V,1
121,W,-0.600000000000001
