preh118,a.a.seq,cont_all_dif
27,F,0.540000000000003
28,T,1.34
30,S,9.2
31,T,9.5
32,Y,1.2
35,H,-3.1
52,W,1.09999999999999
54,D,-0.399999999999999
55,G,3.9
57,E,9.40000000000001
58,E,2.3
97,A,-0.1
101,G,1.7
102,V,3.90000000000001
103,G,3.90000000000001
104,G,1.3
124,W,-0.8
