immh149MV5,a.a.seq,cont_all_dif
27,F,0.529999999999999
28,T,1
30,S,8.1
31,N,13.2
32,A,4.1
35,S,-3.1
52,S,6.3
54,D,-1.09999999999999
55,G,0.199999999999999
57,N,13.1
58,K,2.1
97,A,-0.1
101,F,2.8
102,V,4.19999999999999
103,A,2.80000000000001
104,V,1.3
121,W,-0.4
