naih111,a.a.seq,IMML103-NAIL107
1,Q,0
2,V,0
3,Q,0
4,L,0
5,V,0
6,E,0
7,S,0
8,G,0
9,G,0
10,G,0
11,V,0
12,V,0
13,Q,0
14,P,0
15,G,0
16,R,0
17,S,0
18,L,0
19,R,0
20,L,0
21,S,0
22,C,0
23,A,0
24,A,0
25,S,0
26,G,0
27,F,0.199999999999999
28,T,0.0700000000000003
29,F,0
30,S,-1.8
31,S,-2.09999999999999
32,Y,1.4
33,G,4.7
34,M,0
35,H,7.3
36,W,0
37,V,0
38,R,0
39,Q,0
40,A,0
41,P,0
42,G,0
43,K,0
44,G,0
45,L,0
46,E,0
47,W,13.6
48,V,0
49,A,0
50,V,8.8
51,I,1.9
52,S,-5.30000000000001
53,Y,0.299999999999997
54,D,-0.700000000000003
55,G,0.5
56,S,0.799999999999997
57,N,-2.30000000000001
58,K,2.6
59,Y,0.0999999999999943
60,Y,0
61,A,0
62,D,0
63,S,0
64,V,0
65,K,0
66,G,0
67,R,0
68,F,0
69,T,0
70,I,0
71,S,0
72,R,0
73,D,0
74,N,0
75,S,0
76,K,0
77,N,0
78,T,0
79,L,0
80,Y,0
81,L,0
82,Q,0
83,M,0
84,N,0
85,S,0
86,L,0
87,R,0
88,A,0
89,E,0
90,D,0
91,T,0
92,A,0
93,V,0
94,Y,0
95,Y,0
96,C,0
97,A,0
98,K,2.8
99,T,14.6
100,L,-1.1
101,L,-1.3
102,D,-1.40000000000001
103,V,-5.2
104,V,0.800000000000004
105,V,0
106,V,0
107,P,0
108,A,0
109,A,0
110,T,0
111,P,0
112,Q,0
113,N,0
114,Y,0
115,Y,-0.299999999999997
116,Y,-0.299999999999997
117,Y,-0.200000000000003
118,G,2.2
119,M,3.6
120,D,0.9
121,V,0
122,W,3.8
123,G,0
124,Q,0
125,G,0
126,T,0
127,T,0
128,V,0
129,T,0
130,V,0
131,S,0
132,S,0
