preh149MU5_103107,a.a.seq,kap2kapim_dif
27,F,0.740000000000002
28,T,0.129999999999999
30,S,-1.5
31,S,-2.40000000000001
32,Y,0.699999999999996
33,G,4.2
35,H,6.3
47,W,12.1
50,V,8.5
51,I,2.1
52,S,-5.89999999999999
53,Y,0.5
54,D,-1.2
55,G,-0.800000000000001
56,S,-0.200000000000003
57,N,-2.90000000000001
58,K,2.6
59,Y,0.299999999999997
98,K,2.4
99,G,13.1
100,A,-0.899999999999999
101,P,-1.09999999999999
102,N,-3.09999999999999
103,I,-6.39999999999999
104,V,0.899999999999999
115,Y,-0.5
116,Y,-1
117,G,1.8
118,M,3.5
119,D,0.7
121,W,4
