preh149MU5,a.a.seq,cont_all_dif
27,F,-0.140000000000001
28,T,0.329999999999998
30,S,6.1
31,S,10.2
32,Y,4.4
35,H,-5.6
52,S,2.39999999999999
54,D,-2.9
55,G,0.199999999999999
57,N,9.30000000000001
58,K,1.4
97,A,-0.1
101,P,2.59999999999999
103,I,3.5
104,V,2.5
121,W,-0.6
