,a.a.seq,cont_all_dif
27,F,0.329999999999998
28,T,1.33
30,S,6.1
31,S,7.8
32,Y,3.4
35,H,-6.6
52,S,1.49999999999999
54,D,-1.90000000000001
55,G,0.600000000000001
57,N,9.49999999999999
58,K,1.2
97,A,-0.1
101,L,3.6
102,D,2
103,V,1.5
104,V,2
122,W,-0.600000000000001
