preh138MV4,a.a.seq,cont_all_dif
27,F,0.529999999999999
28,M,2.33
30,S,10.9
31,S,9.6
32,Y,2.7
35,N,-2.3
52,K,5.1
56,D,-1.1
57,G,2.09999999999999
59,T,14
60,T,3.2
99,T,-0.2
103,F,4.5
104,L,6.3
105,R,5.7
106,A,1.9
123,W,-0.3
