preh138MV4,a.a.seq,N120-NAIL107
1,E,0
2,V,0
3,Q,0
4,L,0
5,V,0
6,E,0
7,S,0
8,G,0
9,G,0
10,G,0
11,L,0
12,V,0
13,K,0
14,P,0
15,G,0
16,G,0
17,S,0
18,L,0
19,R,0
20,L,0
21,S,0
22,C,0
23,A,0
24,A,0
25,S,0
26,G,0
27,F,-0.199999999999999
28,M,2.93
29,F,0
30,S,3.6
31,S,3.4
32,Y,-5.2
33,E,-2.40000000000001
34,M,0
35,N,-10.6
36,W,0
37,V,0
38,R,0
39,Q,0
40,A,0
41,P,0
42,G,0
43,K,0
44,G,0
45,L,0
46,E,0
47,W,-10
48,V,0
49,G,0
50,R,0.5
51,I,-1.7
52,K,-5.7
53,S,-20.7
54,K,0
55,T,0
56,D,-7.5
57,G,7.5
58,G,-4.6
59,T,-10
60,T,-1.4
61,D,-15.2
62,Y,0
63,A,0
64,A,0
65,P,0
66,V,0
67,K,0
68,G,0
69,R,0
70,F,0
71,T,0
72,I,0
73,S,0
74,R,0
75,D,0
76,D,0
77,S,0
78,K,0
79,N,0
80,T,0
81,L,0
82,Y,0
83,L,0
84,Q,0
85,M,0
86,N,0
87,S,0
88,L,0
89,K,0
90,T,0
91,E,0
92,D,0
93,T,0
94,A,0
95,V,0
96,Y,0
97,Y,0
98,C,0
99,T,-0.5
100,T,-5.6
101,D,-10.5
102,L,-2.6
103,F,0.300000000000004
104,L,3.39999999999999
105,R,0.599999999999994
106,A,5.3
107,R,0
108,V,0
109,V,0
110,P,0
111,A,0
112,A,0
113,M,0
114,A,0
115,P,0
116,Y,1.2
117,Y,15.9
118,Y,2.5
119,G,-2.3
120,M,-3.5
121,D,13.5
122,V,0
123,W,-4.7
124,G,0
125,Q,0
126,G,0
127,T,0
128,T,0
129,V,0
130,T,0
131,V,0
132,S,0
133,S,0
