preh118,a.a.seq,N120-NAIL107
1,Q,0
2,V,0
3,Q,0
4,L,0
5,V,0
6,E,0
7,S,0
8,G,0
9,G,0
10,G,0
11,V,0
12,V,0
13,Q,0
14,P,0
15,G,0
16,R,0
17,S,0
18,L,0
19,R,0
20,L,0
21,S,0
22,C,0
23,A,0
24,A,0
25,S,0
26,G,0
27,F,-0.670000000000002
28,T,3.86
29,F,0
30,S,8.4
31,T,2.5
32,Y,-0.299999999999997
33,P,-3
34,M,0
35,H,-7.7
36,W,0
37,V,0
38,R,0
39,Q,0
40,A,0
41,P,0
42,G,0
43,K,0
44,G,0
45,L,0
46,E,0
47,W,-10.8
48,V,0
49,A,0
50,F,-1.7
51,L,0.399999999999999
52,W,1
53,H,-14.6
54,D,-3.8
55,G,12.1
56,T,-7.8
57,E,-7
58,E,1.1
59,F,-3.7
60,Y,0
61,A,0
62,D,0
63,S,0
64,V,0
65,R,0
66,G,0
67,R,0
68,F,0
69,T,0
70,I,0
71,S,0
72,R,0
73,D,0
74,N,0
75,S,0
76,K,0
77,N,0
78,T,0
79,L,0
80,Y,0
81,L,0
82,Q,0
83,M,0
84,D,0
85,G,0
86,L,0
87,R,0
88,A,0
89,D,0
90,D,0
91,T,0
92,A,0
93,L,0
94,Y,0
95,Y,0
96,C,0
97,A,-0.1
98,R,-4.1
99,D,-8.6
100,T,-5
101,G,0
102,V,9
103,G,1.89999999999999
104,G,6.8
105,L,0
106,V,0
107,V,0
108,P,0
109,A,0
110,A,0
111,T,0
112,G,0
113,D,0
114,L,0
115,A,0
116,G,0
117,Y,0.5
118,Y,9.5
119,Y,-1.10000000000001
120,G,-2.4
121,M,-7.3
122,D,14.8
123,V,0
124,W,-4
125,G,0
126,Q,0
127,G,0
128,T,0
129,T,0
130,V,0
131,T,0
132,V,0
133,S,0
134,S,0
