,a.a.seq,cont_all_dif
27,F,0.529999999999998
28,T,1.33
30,S,12
31,T,13.3
32,Y,2.1
35,H,-3.6
52,W,2
54,D,1
55,G,6.4
57,E,7.60000000000001
58,E,2.8
101,G,2.59999999999999
102,V,7.2
103,G,8.09999999999999
104,G,2.09999999999999
124,W,-0.7
