immh159MU5,a.a.seq,cont_all_dif
27,F,0.539999999999999
28,M,2.33
30,S,13.6
31,S,14.2
32,Y,2.8
35,N,-2.8
52,K,5.8
56,D,0.700000000000003
57,G,4.8
59,T,12.6
60,T,3.2
99,T,-0.1
103,F,5.2
104,L,10.6
105,R,8.7
106,A,2.2
123,W,-0.5
