preh146,a.a.seq,cont_all_dif
27,F,0.399999999999999
28,T,2.14
30,S,10.3
31,S,15.9
32,Y,4.6
35,S,-4.9
52,S,3.60000000000001
54,D,0.600000000000001
55,G,5.3
57,N,8.3
58,K,2.2
97,A,-0.2
101,S,4
102,F,4.59999999999999
103,V,5.2
104,V,2
122,W,-0.5
