preh149MU7,a.a.seq,cont_all_dif
27,F,0.599999999999998
28,T,2
30,S,12
31,N,12.5
32,A,3.7
35,S,-2.3
52,K,4.6
56,D,1.59999999999999
57,G,4.1
59,T,8.9
60,T,2.6
103,W,3.80000000000001
104,G,5.90000000000001
105,I,5.09999999999999
106,V,2.2
122,W,-0.4
