preh118,a.a.seq,IMML103-NAIL107
1,Q,0
2,V,0
3,Q,0
4,L,0
5,V,0
6,E,0
7,S,0
8,G,0
9,G,0
10,G,0
11,V,0
12,V,0
13,Q,0
14,P,0
15,G,0
16,R,0
17,S,0
18,L,0
19,R,0
20,L,0
21,S,0
22,C,0
23,A,0
24,A,0
25,S,0
26,G,0
27,F,0.199999999999999
28,T,0.670000000000002
29,F,0
30,S,-0.799999999999997
31,T,-0.299999999999997
32,Y,1.7
33,P,0.800000000000011
34,M,0
35,H,6.1
36,W,0
37,V,0
38,R,0
39,Q,0
40,A,0
41,P,0
42,G,0
43,K,0
44,G,0
45,L,0
46,E,0
47,W,11.3
48,V,0
49,A,0
50,F,5
51,L,3
52,W,-3.90000000000001
53,H,1.59999999999999
54,D,-2.1
55,G,-4.4
56,T,-1
57,E,-1.89999999999999
58,E,1.6
59,F,-0.5
60,Y,0
61,A,0
62,D,0
63,S,0
64,V,0
65,R,0
66,G,0
67,R,0
68,F,0
69,T,0
70,I,0
71,S,0
72,R,0
73,D,0
74,N,0
75,S,0
76,K,0
77,N,0
78,T,0
79,L,0
80,Y,0
81,L,0
82,Q,0
83,M,0
84,D,0
85,G,0
86,L,0
87,R,0
88,A,0
89,D,0
90,D,0
91,T,0
92,A,0
93,L,0
94,Y,0
95,Y,0
96,C,0
97,A,0
98,R,2.9
99,D,13
100,T,-0.100000000000001
101,G,-1.90000000000001
102,V,-6.5
103,G,-5.2
104,G,0.700000000000003
105,L,0
106,V,0
107,V,0
108,P,0
109,A,0
110,A,0
111,T,0
112,G,0
113,D,0
114,L,0
115,A,0
116,G,0
117,Y,-0.0999999999999943
118,Y,-0.799999999999997
119,Y,0.600000000000009
120,G,1.4
121,M,5.6
122,D,0.7
123,V,0
124,W,3.8
125,G,0
126,Q,0
127,G,0
128,T,0
129,T,0
130,V,0
131,T,0
132,V,0
133,S,0
134,S,0
