preh149MU7,a.a.seq,cont_all_dif
27,F,0.599999999999998
28,T,2.06
30,S,8.4
31,N,7.40000000000001
32,A,3.5
35,S,-1.8
52,K,1.5
56,D,-0.200000000000003
57,G,0.600000000000001
59,T,9.1
60,T,2
99,T,-0.1
103,W,3.3
104,G,2.8
105,I,0.899999999999991
106,V,1.7
122,W,-0.600000000000001
