preh149MU5,a.a.seq,cont_all_dif
27,F,-0.129999999999999
28,T,0.399999999999999
30,S,5.7
31,S,9.2
32,Y,3.9
35,H,-5.9
52,S,0.800000000000011
54,D,-3.2
55,G,0.599999999999998
57,N,8.3
58,K,1.2
97,A,-0.1
101,P,2.6
102,N,0.400000000000006
103,I,2
104,V,2.1
121,W,-1
