,a.a.seq,cont_all_dif
27,F,0.329999999999998
28,T,1.8
30,S,7.59999999999999
31,S,9.2
32,Y,4.1
35,S,-4.6
52,S,1.4
54,D,-2.4
55,G,1.4
57,N,10
58,K,1.5
97,A,-0.3
101,S,3.9
102,F,2.59999999999999
103,V,0.900000000000006
104,V,1.7
122,W,-0.8
