,a.a.seq,cont_all_dif
27,F,1
28,T,2.33
30,S,8
31,N,6.5
32,A,3.8
35,S,-2
52,K,1.6
56,D,-1.2
57,G,-1.1
59,T,9.3
60,T,1.9
99,T,-0.2
103,V,3.09999999999999
104,V,1.2
105,V,0.400000000000006
106,P,2.2
122,W,-0.600000000000001
