preh149MU5_120103,a.a.seq,lamkapim_dif
27,F,-0.259999999999998
28,T,3.73
30,S,7.2
31,S,1.3
32,Y,-1.5
33,G,-1.5
35,H,-1.7
47,W,5.1
50,V,5
51,I,6.5
52,S,-0.5
53,Y,-15.2
54,D,-6.1
55,G,8.6
56,S,-6.7
57,N,-10.4
58,K,7.2
59,Y,-9
98,K,-2.8
99,G,0.799999999999997
100,A,-2
101,P,-0.699999999999989
102,N,0.799999999999997
103,I,-3.5
104,V,7.8
114,Y,-0.5
115,Y,9.19999999999999
117,G,0.800000000000001
119,D,14
121,W,0.2
