,a.a.seq,cont_all_dif
27,F,0.329999999999998
28,T,1.26
30,S,6.3
31,S,8.5
32,Y,3.6
35,H,-6.4
52,S,2.60000000000001
54,D,-1.9
55,G,0.100000000000001
57,N,10.8
58,K,1.4
97,A,-0.1
101,L,3.5
102,D,1.8
103,V,2.60000000000001
104,V,2.4
122,W,-0.2
