preh149MU5,a.a.seq,cont_all_dif
27,F,-0.0599999999999987
28,T,0.73
30,S,7.9
31,S,12.9
32,Y,4.7
35,H,-7.3
52,S,2.7
54,D,-1.3
55,G,3.5
57,N,7.6
58,K,2.09999999999999
101,P,2.60000000000001
102,N,2.39999999999999
103,I,5.59999999999999
104,V,2.5
121,W,-0.7
